{"count":1,"self":88.7937472,"total":401.963752,"children":{"InitializeActuators":{"count":12,"self":0.000896,"total":0.000896,"children":null},"InitializeSensors":{"count":12,"self":0.0014559999999999998,"total":0.0014559999999999998,"children":null},"AgentSendState":{"count":127351,"self":10.922283199999999,"total":14.759421,"children":{"CollectObservations":{"count":305652,"self":0.143507,"total":0.143507,"children":null},"WriteActionMask":{"count":305652,"self":0.146302,"total":0.146302,"children":null},"RequestDecision":{"count":305652,"self":0.663078,"total":3.547329,"children":{"AgentInfo.ToProto":{"count":305652,"self":0.57209,"total":2.884251,"children":{"GenerateSensorData":{"count":305652,"self":1.9665599999999999,"total":2.3121609999999997,"children":{"RayPerceptionSensor.Perceive":{"count":305652,"self":0.345601,"total":0.345601,"children":null}}}}}}}}},"DecideAction":{"count":127351,"self":294.6433024,"total":294.643303,"children":null},"AgentAct":{"count":127351,"self":3.7448808,"total":3.7539379999999998,"children":{"AgentInfo.ToProto":{"count":487,"self":0.001972,"total":0.0090569999999999991,"children":{"GenerateSensorData":{"count":487,"self":0.0058829999999999993,"total":0.0070849999999999993,"children":{"RayPerceptionSensor.Perceive":{"count":487,"self":0.001202,"total":0.001202,"children":null}}}}}}},"AgentInfo.ToProto":{"count":568,"self":0.0026479999999999997,"total":0.010655999999999999,"children":{"GenerateSensorData":{"count":568,"self":0.006658,"total":0.008008,"children":{"RayPerceptionSensor.Perceive":{"count":568,"self":0.0013499999999999999,"total":0.0013499999999999999,"children":null}}}}}},"gauges":{"ObelixBehavior.CumulativeReward":{"count":1055,"max":27.6289978,"min":-10.9097986,"runningAverage":17.3468113,"value":15.3517227,"weightedAverage":21.6677856}},"metadata":{"timer_format_version":"0.1.0","start_time_seconds":"1773055555","unity_version":"6000.2.7f2","command_line_arguments":"\/Applications\/Unity\/Hub\/Editor\/6000.2.7f2\/Unity.app\/Contents\/MacOS\/Unity -projectPath \/Users\/samvanginderen\/VR_experience\/labo_1\/obelix","communication_protocol_version":"1.5.0","com.unity.ml-agents_version":"2.0.2","scene_name":"main","end_time_seconds":"1773055956"}}